Sample_Id	Site1_Hugo_Symbol	Site1_Entrez_Gene_Id	Site2_Hugo_Symbol	Site2_Entrez_Gene_Id	DNA_support	RNA_support	SV_Status	Center	Event_Info	Method
AdCC1T	MYB	4602	NFIB	4781	Yes	Yes	SOMATIC	MSKCC	MYB-NFIB Fusion	WGS, FISH, RT-PCR
AdCC2T	MYB	4602	NFIB	4781	Yes	Yes	SOMATIC	MSKCC	MYB-NFIB Fusion	WGS, FISH, RT-PCR
AdCC3T	MYB	4602	NFIB	4781	Yes	Yes	SOMATIC	MSKCC	MYB-NFIB Fusion	WGS, FISH, RT-PCR
AdCC4T	MYB	4602	NFIB	4781	Yes	Yes	SOMATIC	MSKCC	MYB-NFIB Fusion	WGS, FISH, RT-PCR
AdCC5T	MYB	4602	NFIB	4781	Yes	Yes	SOMATIC	MSKCC	MYB-NFIB Fusion	WGS, FISH, RT-PCR
AdCC6T	MYB	4602	NFIB	4781	Yes	Yes	SOMATIC	MSKCC	MYB-NFIB Fusion	WGS, FISH, RT-PCR
AdCC8T	MYB	4602	NFIB	4781	Yes	Yes	SOMATIC	MSKCC	MYB-NFIB Fusion	WGS, FISH, RT-PCR
AdCC9T	MYB	4602	NFIB	4781	Yes	Yes	SOMATIC	MSKCC	MYB-NFIB Fusion	WGS, FISH, RT-PCR
AdCC10T	MYB	4602	NFIB	4781	Yes	Yes	SOMATIC	MSKCC	MYB-NFIB Fusion	WGS, FISH, RT-PCR
AdCC32T	MYB	4602	NFIB	4781	Yes	Yes	SOMATIC	MSKCC	MYB-NFIB Fusion	WGS, FISH, RT-PCR
